STATEFP10,COUNTYFP10,TRACTCE10,GEOID10,NAME10,NAMELSAD10,COMMAREA,COMMAREA_N,NOTES,ORIG_FID,Lat,Long
17,031,842400,17031842400,8424,Census Tract 8424,44,44,,0,41.74247476730,-87.63004004500
17,031,840300,17031840300,8403,Census Tract 8403,59,59,,1,41.83209430860,-87.68188218830
17,031,841100,17031841100,8411,Census Tract 8411,34,34,,2,41.85100575280,-87.63509782900
17,031,841200,17031841200,8412,Census Tract 8412,31,31,,3,41.85556184770,-87.68334195100
17,031,838200,17031838200,8382,Census Tract 8382,28,28,,4,41.87041573680,-87.67507936570
17,031,650301,17031650301,6503.01,Census Tract 6503.01,65,65,,5,41.77492753610,-87.72999162950
17,031,530503,17031530503,5305.03,Census Tract 5305.03,53,53,,6,41.66359782520,-87.63741225400
17,031,760803,17031760803,7608.03,Census Tract 7608.03,76,76,,7,41.97534632810,-87.84415449500
17,031,540102,17031540102,5401.02,Census Tract 5401.02,54,54,,8,41.66733147920,-87.60544856750
17,031,540101,17031540101,5401.01,Census Tract 5401.01,54,54,,9,41.65022032040,-87.59979325680
17,031,440201,17031440201,4402.01,Census Tract 4402.01,44,44,,10,41.74821005880,-87.61007463120
17,031,839000,17031839000,8390,Census Tract 8390,32,32,,11,41.87104415250,-87.63140451380
17,031,030601,17031030601,306.01,Census Tract 306.01,77,77,,12,41.98888635220,-87.65493609520
17,031,030604,17031030604,306.04,Census Tract 306.04,77,77,,13,41.98591932550,-87.65273168390
17,031,020801,17031020801,208.01,Census Tract 208.01,2,2,,14,41.98680813650,-87.69441487010
17,031,843300,17031843300,8433,Census Tract 8433,29,29,,15,41.86376374860,-87.69255025250
17,031,080202,17031080202,802.02,Census Tract 802.02,8,8,,16,41.90585972270,-87.63090052650
17,031,070102,17031070102,701.02,Census Tract 701.02,7,7,,17,41.93058285790,-87.64220203130
17,031,031501,17031031501,315.01,Census Tract 315.01,3,3,,18,41.96728526010,-87.65245002910
17,031,031502,17031031502,315.02,Census Tract 315.02,3,3,,19,41.96363262820,-87.65236556780
17,031,834900,17031834900,8349,Census Tract 8349,67,67,,20,41.77229403960,-87.65673444730
17,031,834800,17031834800,8348,Census Tract 8348,68,68,,21,41.78363023270,-87.64508786710
17,031,160502,17031160502,1605.02,Census Tract 1605.02,16,16,,22,41.95558412210,-87.71308764520
17,031,140702,17031140702,1407.02,Census Tract 1407.02,14,14,,23,41.96354821230,-87.71357528570
17,031,842000,17031842000,8420,Census Tract 8420,35,35,,24,41.83495993360,-87.62517039360
17,031,150402,17031150402,1504.02,Census Tract 1504.02,15,15,,25,41.95679793130,-87.77204360650
17,031,834400,17031834400,8344,Census Tract 8344,42,42,,26,41.77694477770,-87.59630966670
17,031,040201,17031040201,402.01,Census Tract 402.01,4,4,,27,41.97258043480,-87.69400050590
17,031,040202,17031040202,402.02,Census Tract 402.02,4,4,,28,41.97985489270,-87.69409600830
17,031,020702,17031020702,207.02,Census Tract 207.02,2,2,,29,41.99528895690,-87.70538821430
17,031,020802,17031020802,208.02,Census Tract 208.02,2,2,,30,41.99405921120,-87.69463059650
17,031,020301,17031020301,203.01,Census Tract 203.01,2,2,,31,42.00686510670,-87.70518648600
17,031,838700,17031838700,8387,Census Tract 8387,29,29,,32,41.86257749930,-87.72018510540
17,031,841500,17031841500,8415,Census Tract 8415,29,29,,33,41.86162243370,-87.70791320030
17,031,838600,17031838600,8386,Census Tract 8386,29,29,,34,41.86782329250,-87.70082362460
17,031,837300,17031837300,8373,Census Tract 8373,27,27,,35,41.87161906690,-87.70555238080
17,031,837800,17031837800,8378,Census Tract 8378,28,28,,36,41.88475011850,-87.68412742830
17,031,837400,17031837400,8374,Census Tract 8374,27,27,,37,41.87597448980,-87.69380126030
17,031,836900,17031836900,8369,Census Tract 8369,27,27,,38,41.88188308590,-87.70613618180
17,031,020601,17031020601,206.01,Census Tract 206.01,2,2,,39,42.00087459840,-87.70180245260
17,031,020602,17031020602,206.02,Census Tract 206.02,2,2,,40,42.00131556990,-87.69363727980
17,031,020302,17031020302,203.02,Census Tract 203.02,2,2,,41,42.00854062580,-87.69496340980
17,031,020902,17031020902,209.02,Census Tract 209.02,2,2,,42,41.99424992370,-87.67869710180
17,031,010701,17031010701,107.01,Census Tract 107.01,1,1,,43,42.00914811150,-87.67862032730
17,031,030103,17031030103,301.03,Census Tract 301.03,77,77,,44,41.99538046420,-87.65469543900
17,031,030102,17031030102,301.02,Census Tract 301.02,77,77,,45,41.99339670260,-87.65513190300
17,031,010502,17031010502,105.02,Census Tract 105.02,1,1,,46,42.00451709590,-87.66332746120
17,031,010503,17031010503,105.03,Census Tract 105.03,1,1,,47,42.00032003810,-87.66312691350
17,031,010702,17031010702,107.02,Census Tract 107.02,1,1,,48,42.00901994280,-87.67272571510
17,031,837100,17031837100,8371,Census Tract 8371,27,27,,49,41.88567371100,-87.69872098760
17,031,837000,17031837000,8370,Census Tract 8370,27,27,,50,41.87832328590,-87.69867387370
17,031,010201,17031010201,102.01,Census Tract 102.01,1,1,,51,42.01600756440,-87.68014852810
17,031,020901,17031020901,209.01,Census Tract 209.01,2,2,,52,41.99423553590,-87.68608508710
17,031,040401,17031040401,404.01,Census Tract 404.01,4,4,,53,41.97206668420,-87.68608160410
17,031,210602,17031210602,2106.02,Census Tract 2106.02,21,21,,54,41.93416688440,-87.71257283660
17,031,160501,17031160501,1605.01,Census Tract 1605.01,16,16,,55,41.95920984280,-87.71297316010
17,031,191302,17031191302,1913.02,Census Tract 1913.02,19,19,,56,41.92022887110,-87.77053336680
17,031,190602,17031190602,1906.02,Census Tract 1906.02,19,19,,57,41.92756036460,-87.77073706440
17,031,840200,17031840200,8402,Census Tract 8402,60,60,,58,41.84457476190,-87.64919149220
17,031,530501,17031530501,5305.01,Census Tract 5305.01,53,53,,59,41.67427798110,-87.63216595450
17,031,831400,17031831400,8314,Census Tract 8314,25,25,,60,41.86911882030,-87.75608838520
17,031,831300,17031831300,8313,Census Tract 8313,25,25,,61,41.90776614840,-87.74425960690
17,031,833000,17031833000,8330,Census Tract 8330,28,28,,62,41.88528831630,-87.65724246960
17,031,760801,17031760801,7608.01,Census Tract 7608.01,76,76,,63,41.98348479130,-87.84484714660
17,031,020701,17031020701,207.01,Census Tract 207.01,2,2,,64,41.98689151900,-87.70368966930
17,031,010501,17031010501,105.01,Census Tract 105.01,1,1,,65,42.00941170580,-87.66395810370
17,031,252101,17031252101,2521.01,Census Tract 2521.01,25,25,,66,41.87548756980,-87.76957252870
17,031,252102,17031252102,2521.02,Census Tract 2521.02,25,25,,67,41.87659225270,-87.75981156550
17,031,252202,17031252202,2522.02,Census Tract 2522.02,25,25,,68,41.87675840680,-87.74458322640
17,031,220601,17031220601,2206.01,Census Tract 2206.01,22,22,,69,41.92582523460,-87.71288363200
17,031,210502,17031210502,2105.02,Census Tract 2105.02,21,21,,70,41.93378464080,-87.72205243580
17,031,220602,17031220602,2206.02,Census Tract 2206.02,22,22,,71,41.92933117140,-87.71198134280
17,031,220901,17031220901,2209.01,Census Tract 2209.01,22,22,,72,41.91918164260,-87.72124827860
17,031,220902,17031220902,2209.02,Census Tract 2209.02,22,22,,73,41.92271120680,-87.72183573000
17,031,200401,17031200401,2004.01,Census Tract 2004.01,20,20,,74,41.91982846940,-87.73754189990
17,031,200402,17031200402,2004.02,Census Tract 2004.02,20,20,,75,41.91963481650,-87.72967894380
17,031,191301,17031191301,1913.01,Census Tract 1913.01,19,19,,76,41.92015215370,-87.78026545030
17,031,190601,17031190601,1906.01,Census Tract 1906.01,19,19,,77,41.92741458880,-87.78046060450
17,031,190701,17031190701,1907.01,Census Tract 1907.01,19,19,,78,41.92979593360,-87.76142166770
17,031,190702,17031190702,1907.02,Census Tract 1907.02,19,19,,79,41.92616305670,-87.76103954700
17,031,190401,17031190401,1904.01,Census Tract 1904.01,19,19,,80,41.93472764980,-87.78095236100
17,031,190402,17031190402,1904.02,Census Tract 1904.02,19,19,,81,41.93485960350,-87.77123176770
17,031,832100,17031832100,8321,Census Tract 8321,6,6,,82,41.95282144670,-87.65324127140
17,031,843800,17031843800,8438,Census Tract 8438,61,61,,83,41.80165660020,-87.64047557310
17,031,842800,17031842800,8428,Census Tract 8428,58,58,,84,41.80753393340,-87.69830438710
17,031,980100,17031980100,9801,Census Tract 9801,56,56,Half in CA 64 (Midway Airport),85,41.78599010530,-87.75096157070
17,031,833300,17031833300,8333,Census Tract 8333,28,28,,86,41.87169134700,-87.65412507090
17,031,832900,17031832900,8329,Census Tract 8329,28,28,,87,41.87417534660,-87.66189081700
17,031,838000,17031838000,8380,Census Tract 8380,28,28,,88,41.87736424860,-87.68065016260
17,031,838100,17031838100,8381,Census Tract 8381,28,28,,89,41.87866514170,-87.67168054470
17,031,833100,17031833100,8331,Census Tract 8331,28,28,,90,41.87907683560,-87.65704539310
17,031,839100,17031839100,8391,Census Tract 8391,32,32,,91,41.88102669450,-87.63274639960
17,031,030706,17031030706,307.06,Census Tract 307.06,77,77,,92,41.98023515100,-87.65160515510
17,031,150401,17031150401,1504.01,Census Tract 1504.01,15,15,,93,41.96456760600,-87.77226480310
17,031,150501,17031150501,1505.01,Census Tract 1505.01,15,15,,94,41.96447623070,-87.78196381790
17,031,842900,17031842900,8429,Census Tract 8429,28,28,,95,41.86313885260,-87.67293787230
17,031,841900,17031841900,8419,Census Tract 8419,28,28,,96,41.86789201810,-87.64296859560
17,031,843000,17031843000,8430,Census Tract 8430,29,29,,97,41.86793524810,-87.72275230760
17,031,842100,17031842100,8421,Census Tract 8421,23,23,,98,41.89527846940,-87.73361031520
17,031,080201,17031080201,802.01,Census Tract 802.01,8,8,,99,41.90949843770,-87.63100543170
17,031,070101,17031070101,701.01,Census Tract 701.01,7,7,,100,41.93046399620,-87.63255820440
17,031,063301,17031063301,633.01,Census Tract 633.01,6,6,,101,41.93454088210,-87.64302417510
17,031,063303,17031063303,633.03,Census Tract 633.03,6,6,,102,41.93473116060,-87.63466130260
17,031,081201,17031081201,812.01,Census Tract 812.01,8,8,,103,41.89915378250,-87.62621204340
17,031,081202,17031081202,812.02,Census Tract 812.02,8,8,,104,41.90613757340,-87.62181084580
17,031,040402,17031040402,404.02,Census Tract 404.02,4,4,,105,41.97254497080,-87.67881804740
17,031,220702,17031220702,2207.02,Census Tract 2207.02,22,22,,106,41.92936871080,-87.72423134020
17,031,842200,17031842200,8422,Census Tract 8422,8,8,,107,41.90493375950,-87.64988561110
17,031,842300,17031842300,8423,Census Tract 8423,24,24,,108,41.90220020930,-87.65606491330
17,031,843700,17031843700,8437,Census Tract 8437,5,5,,109,41.94482613320,-87.69078763110
17,031,835000,17031835000,8350,Census Tract 8350,66,66,,110,41.78284949480,-87.68604922230
17,031,835100,17031835100,8351,Census Tract 8351,63,63,,111,41.79015761130,-87.68624803670
17,031,834700,17031834700,8347,Census Tract 8347,68,68,,112,41.79069027250,-87.64503336630
17,031,151001,17031151001,1510.01,Census Tract 1510.01,15,15,,113,41.94238260490,-87.75435269600
17,031,151002,17031151002,1510.02,Census Tract 1510.02,15,15,,114,41.94249173890,-87.74715538410
17,031,160602,17031160602,1606.02,Census Tract 1606.02,16,16,,115,41.95609297080,-87.70063477990
17,031,140601,17031140601,1406.01,Census Tract 1406.01,14,14,,116,41.96464712860,-87.72589087090
17,031,140701,17031140701,1407.01,Census Tract 1407.01,14,14,,117,41.96703749810,-87.71265246340
17,031,140602,17031140602,1406.02,Census Tract 1406.02,14,14,,118,41.96465204050,-87.72101658060
17,031,140301,17031140301,1403.01,Census Tract 1403.01,14,14,,119,41.96920554760,-87.72316950440
17,031,841800,17031841800,8418,Census Tract 8418,69,69,,120,41.76630634930,-87.59942131250
17,031,842500,17031842500,8425,Census Tract 8425,69,69,,121,41.77695047600,-87.62321570760
17,031,842600,17031842600,8426,Census Tract 8426,61,61,,122,41.81621857410,-87.65169509710
17,031,843500,17031843500,8435,Census Tract 8435,30,30,,123,41.83821441150,-87.69675447650
17,031,843400,17031843400,8434,Census Tract 8434,29,29,,124,41.84932723640,-87.73202149030
17,031,843200,17031843200,8432,Census Tract 8432,31,31,,125,41.84743971410,-87.66339568530
17,031,140302,17031140302,1403.02,Census Tract 1403.02,14,14,,126,41.97254850730,-87.72378913270
17,031,110501,17031110501,1105.01,Census Tract 1105.01,11,11,,127,41.97700233180,-87.76192491490
17,031,110502,17031110502,1105.02,Census Tract 1105.02,11,11,,128,41.97028664780,-87.75985037430
17,031,760802,17031760802,7608.02,Census Tract 7608.02,76,76,,129,41.95782992620,-87.84721564740
17,031,150502,17031150502,1505.02,Census Tract 1505.02,15,15,,130,41.95677842560,-87.78184134970
17,031,843100,17031843100,8431,Census Tract 8431,29,29,,131,41.86074995950,-87.70071236450
17,031,834300,17031834300,8343,Census Tract 8343,45,45,,132,41.74584438520,-87.59177416640
17,031,843900,17031843900,8439,Census Tract 8439,42,42,Small area in CA 43,133,41.77659929390,-87.57601696270
17,031,831200,17031831200,8312,Census Tract 8312,20,20,,134,41.91531889840,-87.73225032870
17,031,831600,17031831600,8316,Census Tract 8316,18,18,,135,41.92561049660,-87.79761474760
17,031,831500,17031831500,8315,Census Tract 8315,19,19,,136,41.92764138410,-87.78802242990
17,031,831100,17031831100,8311,Census Tract 8311,21,21,,137,41.94285588230,-87.71749554520
17,031,831700,17031831700,8317,Census Tract 8317,15,15,,138,41.95265059760,-87.74525508030
17,031,440202,17031440202,4402.02,Census Tract 4402.02,44,44,,139,41.74095986840,-87.60976203840
17,031,440102,17031440102,4401.02,Census Tract 4401.02,44,44,,140,41.74093560500,-87.60116361790
17,031,430102,17031430102,4301.02,Census Tract 4301.02,43,43,,141,41.76938254500,-87.56163405280
17,031,030702,17031030702,307.02,Census Tract 307.02,77,77,,142,41.98068939890,-87.65482170100
17,031,030603,17031030603,306.03,Census Tract 306.03,77,77,,143,41.98547622210,-87.65839786690
17,031,030701,17031030701,307.01,Census Tract 307.01,77,77,,144,41.98274529160,-87.65796586020
17,031,840800,17031840800,8408,Census Tract 8408,30,30,,145,41.84083291370,-87.70737100340
17,031,836300,17031836300,8363,Census Tract 8363,41,41,,146,41.80153234200,-87.60175842130
17,031,838300,17031838300,8383,Census Tract 8383,8,8,,147,41.90156654400,-87.63840383850
17,031,839800,17031839800,8398,Census Tract 8398,60,60,,148,41.83506736760,-87.64316232480
17,031,836600,17031836600,8366,Census Tract 8366,23,23,,149,41.89869730190,-87.70880586520
17,031,730202,17031730202,7302.02,Census Tract 7302.02,73,73,,150,41.72641144690,-87.64854146940
17,031,430101,17031430101,4301.01,Census Tract 4301.01,43,43,,151,41.76982638040,-87.57395290700
17,031,063302,17031063302,633.02,Census Tract 633.02,6,6,,152,41.93476466980,-87.63985397460
17,031,836200,17031836200,8362,Census Tract 8362,41,41,,153,41.79046913460,-87.60128474840
17,031,840100,17031840100,8401,Census Tract 8401,60,60,,154,41.84186801430,-87.63920027640
17,031,580502,17031580502,5805.02,Census Tract 5805.02,58,58,,155,41.81456170680,-87.69931021550
17,031,841400,17031841400,8414,Census Tract 8414,29,29,,156,41.85330988180,-87.71441065270
17,031,081401,17031081401,814.01,Census Tract 814.01,8,8,,157,41.89503906180,-87.61975200690
17,031,081403,17031081403,814.03,Census Tract 814.03,8,8,Small unpopulated area in CA 32,158,41.89190831320,-87.60996759540
17,031,030703,17031030703,307.03,Census Tract 307.03,77,77,,159,41.97887483690,-87.65787078780
17,031,836000,17031836000,8360,Census Tract 8360,38,38,,160,41.81400356690,-87.61168434600
17,031,835800,17031835800,8358,Census Tract 8358,38,38,,161,41.81304617780,-87.61871916570
17,031,835900,17031835900,8359,Census Tract 8359,38,38,,162,41.82016641000,-87.62149886660
17,031,834500,17031834500,8345,Census Tract 8345,40,40,,163,41.78808225270,-87.62473588840
17,031,843600,17031843600,8436,Census Tract 8436,38,38,,164,41.80676531140,-87.60894881980
17,031,834600,17031834600,8346,Census Tract 8346,68,68,,165,41.78724645160,-87.63430567200
17,031,831800,17031831800,8318,Census Tract 8318,13,13,,166,41.97823327100,-87.71645270050
17,031,832600,17031832600,8326,Census Tract 8326,7,7,,167,41.91474918810,-87.65405507730
17,031,061901,17031061901,619.01,Census Tract 619.01,6,6,,168,41.94323667640,-87.64345991120
17,031,770602,17031770602,7706.02,Census Tract 7706.02,76,76,Partially outside City Boundary,169,42.01239047530,-87.90448782620
17,031,839700,17031839700,8397,Census Tract 8397,60,60,,170,41.83307989420,-87.65235705600
17,031,839900,17031839900,8399,Census Tract 8399,60,60,,171,41.82712296920,-87.64870683230
17,031,835200,17031835200,8352,Census Tract 8352,56,56,,172,41.79664365730,-87.74528660830
17,031,838800,17031838800,8388,Census Tract 8388,51,51,,173,41.68350827710,-87.57231925230
17,031,833900,17031833900,8339,Census Tract 8339,46,46,,174,41.73186492990,-87.54779919820
17,031,836800,17031836800,8368,Census Tract 8368,27,27,,175,41.88504486830,-87.71386250540
17,031,836700,17031836700,8367,Census Tract 8367,23,23,,176,41.89170410650,-87.70217468320
17,031,832200,17031832200,8322,Census Tract 8322,22,22,,177,41.92047791240,-87.67997290000
17,031,831000,17031831000,8310,Census Tract 8310,22,22,Small area in CA 24,178,41.91478772700,-87.67699937900
17,031,832400,17031832400,8324,Census Tract 8324,22,22,,179,41.91574112040,-87.69225648430
17,031,770902,17031770902,7709.02,Census Tract 7709.02,76,76,Partially outside City Boundary (almost all),180,41.97006573550,-87.83618397620
17,031,660301,17031660301,6603.01,Census Tract 6603.01,66,66,,181,41.77995407970,-87.69828723580
17,031,660302,17031660302,6603.02,Census Tract 6603.02,66,66,,182,41.78359568350,-87.69839262540
17,031,252201,17031252201,2522.01,Census Tract 2522.01,25,25,,183,41.87669580590,-87.75210510890
17,031,070103,17031070103,701.03,Census Tract 701.03,7,7,,184,41.92681097650,-87.64260514880
17,031,220701,17031220701,2207.01,Census Tract 2207.01,22,22,,185,41.92615540890,-87.72156506150
17,031,834000,17031834000,8340,Census Tract 8340,49,49,,186,41.72753575420,-87.62949836710
17,031,834200,17031834200,8342,Census Tract 8342,43,43,,187,41.75556760080,-87.58360690390
17,031,835500,17031835500,8355,Census Tract 8355,37,37,,188,41.81635388110,-87.63254189560
17,031,839500,17031839500,8395,Census Tract 8395,35,35,,189,41.83409738100,-87.61928952970
17,031,839200,17031839200,8392,Census Tract 8392,35,35,,190,41.84201066790,-87.62203595800
17,031,840400,17031840400,8404,Census Tract 8404,59,59,,191,41.83384785240,-87.66767949200
17,031,841000,17031841000,8410,Census Tract 8410,33,33,,192,41.84844867620,-87.61738664680
17,031,301802,17031301802,3018.02,Census Tract 3018.02,30,30,,193,41.84518460240,-87.72775916250
17,031,730201,17031730201,7302.01,Census Tract 7302.01,73,73,,194,41.72683005530,-87.65791135690
17,031,580501,17031580501,5805.01,Census Tract 5805.01,58,58,,195,41.81998598440,-87.69949615130
17,031,700302,17031700302,7003.02,Census Tract 7003.02,70,70,,196,41.73836519010,-87.73130642510
17,031,700402,17031700402,7004.02,Census Tract 7004.02,70,70,,197,41.73823020560,-87.71182339990
17,031,700401,17031700401,7004.01,Census Tract 7004.01,70,70,,198,41.74553715620,-87.71203548370
17,031,830500,17031830500,8305,Census Tract 8305,30,30,,199,41.83006554470,-87.72395130170
17,031,841700,17031841700,8417,Census Tract 8417,30,30,,200,41.85313016940,-87.70418182470
17,031,841600,17031841600,8416,Census Tract 8416,29,29,,201,41.85537714650,-87.70760323670
17,031,840700,17031840700,8407,Census Tract 8407,30,30,,202,41.85293021070,-87.69426654110
17,031,841300,17031841300,8413,Census Tract 8413,31,31,,203,41.84408318480,-87.68303096560
17,031,301801,17031301801,3018.01,Census Tract 3018.01,30,30,,204,41.84166169530,-87.73504919700
17,031,530502,17031530502,5305.02,Census Tract 5305.02,53,53,,205,41.66480478130,-87.62667378800
17,031,071400,17031071400,714,Census Tract 714,7,7,,206,41.92215317850,-87.62940589150
17,031,071600,17031071600,716,Census Tract 716,7,7,,207,41.91647252860,-87.64118280170
17,031,832300,17031832300,8323,Census Tract 8323,22,22,,208,41.91920696320,-87.67144884290
17,031,832500,17031832500,8325,Census Tract 8325,7,7,,209,41.92187777480,-87.66411843530
17,031,832000,17031832000,8320,Census Tract 8320,6,6,,210,41.94629410910,-87.65429816240
17,031,030104,17031030104,301.04,Census Tract 301.04,77,77,,211,41.99727728740,-87.65564252230
17,031,030101,17031030101,301.01,Census Tract 301.01,77,77,,212,41.99127071400,-87.65466774650
17,031,160601,17031160601,1606.01,Census Tract 1606.01,16,16,,213,41.95953157130,-87.70214910810
17,031,210501,17031210501,2105.01,Census Tract 2105.01,21,21,,214,41.93740131310,-87.72233013860
17,031,210601,17031210601,2106.01,Census Tract 2106.01,21,21,,215,41.93763564020,-87.71221398260
17,031,700502,17031700502,7005.02,Census Tract 7005.02,70,70,,216,41.73885216070,-87.68876825230
17,031,836100,17031836100,8361,Census Tract 8361,40,40,,217,41.79980518220,-87.61868262630
17,031,835700,17031835700,8357,Census Tract 8357,38,38,,218,41.81284431910,-87.62759778190
17,031,836400,17031836400,8364,Census Tract 8364,36,36,,219,41.82117515220,-87.59583249890
17,031,836500,17031836500,8365,Census Tract 8365,36,36,,220,41.82827703980,-87.60063794420
17,031,839600,17031839600,8396,Census Tract 8396,35,35,,221,41.82744110660,-87.61924946350
17,031,840000,17031840000,8400,Census Tract 8400,60,60,,222,41.83116617600,-87.63829888030
17,031,835600,17031835600,8356,Census Tract 8356,37,37,,223,41.80183515230,-87.63220130180
17,031,830800,17031830800,8308,Census Tract 8308,4,4,,224,41.96514126770,-87.67657749450
17,031,460301,17031460301,4603.01,Census Tract 4603.01,46,46,,225,41.74002783990,-87.55636449150
17,031,301701,17031301701,3017.01,Census Tract 3017.01,30,30,,226,41.84248054660,-87.71962538690
17,031,310400,17031310400,3104,Census Tract 3104,31,31,,227,41.85650687020,-87.65226127930
17,031,530100,17031530100,5301,Census Tract 5301,53,53,,228,41.68185224430,-87.61793949330
17,031,081100,17031081100,811,Census Tract 811,8,8,,229,41.90020650100,-87.62910900480
17,031,150700,17031150700,1507,Census Tract 1507,15,15,,230,41.94959153460,-87.76195802740
17,031,640100,17031640100,6401,Census Tract 6401,64,64,,231,41.78209431170,-87.73999541340
17,031,081300,17031081300,813,Census Tract 813,8,8,,232,41.89833540070,-87.62075314720
17,031,301702,17031301702,3017.02,Census Tract 3017.02,30,30,,233,41.83880618770,-87.71952439820
17,031,700301,17031700301,7003.01,Census Tract 7003.01,70,70,,234,41.74562247330,-87.73171165040
17,031,490902,17031490902,4909.02,Census Tract 4909.02,49,49,,235,41.70328008610,-87.61532621990
17,031,490901,17031490901,4909.01,Census Tract 4909.01,49,49,,236,41.69605819310,-87.61626765940
17,031,650302,17031650302,6503.02,Census Tract 6503.02,65,65,,237,41.77509531410,-87.71774933270
17,031,831900,17031831900,8319,Census Tract 8319,6,6,,238,41.94516903560,-87.66879065070
17,031,830900,17031830900,8309,Census Tract 8309,22,22,,239,41.92862969680,-87.68537275530
17,031,830700,17031830700,8307,Census Tract 8307,3,3,,240,41.96097246600,-87.65917170210
17,031,830600,17031830600,8306,Census Tract 8306,1,1,,241,42.00169798640,-87.67357377910
17,031,700501,17031700501,7005.01,Census Tract 7005.01,70,70,,242,41.74621327370,-87.69034222800
17,031,460302,17031460302,4603.02,Census Tract 4603.02,46,46,,243,41.74708623990,-87.55739047020
17,031,431302,17031431302,4313.02,Census Tract 4313.02,43,43,,244,41.75838545520,-87.56278592250
17,031,431301,17031431301,4313.01,Census Tract 4313.01,43,43,,245,41.75353022590,-87.56018633040
17,031,440101,17031440101,4401.01,Census Tract 4401.01,44,44,,246,41.74863491190,-87.60139460710
17,031,301803,17031301803,3018.03,Census Tract 3018.03,30,30,,247,41.83954969860,-87.72787083800
17,031,310200,17031310200,3102,Census Tract 3102,31,31,,248,41.85630851380,-87.64420923980
17,031,310300,17031310300,3103,Census Tract 3103,31,31,,249,41.85613979540,-87.64898036780
17,031,310500,17031310500,3105,Census Tract 3105,31,31,,250,41.85522510850,-87.65475252240
17,031,510300,17031510300,5103,Census Tract 5103,51,51,,251,41.71573764420,-87.57497256860
17,031,491400,17031491400,4914,Census Tract 4914,49,49,,252,41.68912324440,-87.61682146790
17,031,500200,17031500200,5002,Census Tract 5002,50,50,,253,41.70085577510,-87.60030235530
17,031,530200,17031530200,5302,Census Tract 5302,53,53,,254,41.68156124110,-87.63239539370
17,031,740100,17031740100,7401,Census Tract 7401,74,74,,255,41.69728589420,-87.69860834320
17,031,140500,17031140500,1405,Census Tract 1405,14,14,,256,41.96536190480,-87.73183189610
17,031,140800,17031140800,1408,Census Tract 1408,14,14,,257,41.96449417810,-87.70277506990
17,031,150200,17031150200,1502,Census Tract 1502,15,15,,258,41.96067468070,-87.75241308860
17,031,150300,17031150300,1503,Census Tract 1503,15,15,,259,41.96051787880,-87.76228588190
17,031,300900,17031300900,3009,Census Tract 3009,30,30,,260,41.84817959080,-87.70269926980
17,031,301100,17031301100,3011,Census Tract 3011,30,30,,261,41.84702115530,-87.69796623200
17,031,301200,17031301200,3012,Census Tract 3012,30,30,,262,41.84841710370,-87.69147706380
17,031,740400,17031740400,7404,Census Tract 7404,74,74,,263,41.68723909960,-87.71931579900
17,031,640300,17031640300,6403,Census Tract 6403,64,64,,264,41.78153212320,-87.77163526490
17,031,640600,17031640600,6406,Census Tract 6406,64,64,,265,41.77603623360,-87.77142983150
17,031,010400,17031010400,104,Census Tract 104,1,1,,266,42.00543983860,-87.65716637650
17,031,020400,17031020400,204,Census Tract 204,2,2,,267,42.00848690010,-87.68591262590
17,031,160300,17031160300,1603,Census Tract 1603,16,16,,268,41.95726816860,-87.73089575980
17,031,310700,17031310700,3107,Census Tract 3107,31,31,,269,41.85599027560,-87.66490611520
17,031,071500,17031071500,715,Census Tract 715,7,7,,270,41.91491445210,-87.62676272570
17,031,071700,17031071700,717,Census Tract 717,7,7,,271,41.91286662330,-87.64107175140
17,031,071800,17031071800,718,Census Tract 718,7,7,,272,41.91458546110,-87.64596598550
17,031,670500,17031670500,6705,Census Tract 6705,67,67,,273,41.78657802500,-87.67640437230
17,031,670600,17031670600,6706,Census Tract 6706,67,67,,274,41.78300544830,-87.67157719600
17,031,670700,17031670700,6707,Census Tract 6707,67,67,,275,41.78306856020,-87.66673145850
17,031,670800,17031670800,6708,Census Tract 6708,67,67,,276,41.78314417210,-87.66187901050
17,031,670900,17031670900,6709,Census Tract 6709,67,67,,277,41.78321235640,-87.65702200280
17,031,671100,17031671100,6711,Census Tract 6711,67,67,,278,41.77678152850,-87.66171176510
17,031,671200,17031671200,6712,Census Tract 6712,67,67,,279,41.77669925050,-87.66658225190
17,031,671300,17031671300,6713,Census Tract 6713,67,67,,280,41.77390145740,-87.67134932440
17,031,671400,17031671400,6714,Census Tract 6714,67,67,,281,41.77379207000,-87.67622885840
17,031,671500,17031671500,6715,Census Tract 6715,67,67,,282,41.76817213390,-87.66963215030
17,031,671600,17031671600,6716,Census Tract 6716,67,67,,283,41.76949981640,-87.66151182550
17,031,230500,17031230500,2305,Census Tract 2305,23,23,,284,41.91172359070,-87.73394927730
17,031,230600,17031230600,2306,Census Tract 2306,23,23,,285,41.90618900170,-87.73399513010
17,031,240600,17031240600,2406,Census Tract 2406,24,24,,286,41.91216125920,-87.68970921580
17,031,241000,17031241000,2410,Census Tract 2410,24,24,,287,41.90799775270,-87.69453441490
17,031,191000,17031191000,1910,Census Tract 1910,19,19,,288,41.91922968510,-87.74380098900
17,031,080300,17031080300,803,Census Tract 803,8,8,,289,41.90748997690,-87.63579864270
17,031,300800,17031300800,3008,Census Tract 3008,30,30,,290,41.84811080480,-87.70758180130
17,031,650200,17031650200,6502,Census Tract 6502,65,65,,291,41.78222237500,-87.73022644820
17,031,660500,17031660500,6605,Census Tract 6605,66,66,,292,41.77524339330,-87.70794319060
17,031,221400,17031221400,2214,Census Tract 2214,22,22,,293,41.92080125370,-87.69453199760
17,031,161000,17031161000,1610,Census Tract 1610,16,16,,294,41.94997664680,-87.73068292340
17,031,340600,17031340600,3406,Census Tract 3406,34,34,,295,41.82741767570,-87.63253984030
17,031,670100,17031670100,6701,Census Tract 6701,67,67,,296,41.79049368230,-87.65720835040
17,031,240500,17031240500,2405,Census Tract 2405,24,24,,297,41.91197004840,-87.68363649880
17,031,240700,17031240700,2407,Census Tract 2407,24,24,,298,41.91211719140,-87.69459936780
17,031,240800,17031240800,2408,Census Tract 2408,24,24,,299,41.91210573590,-87.69948216440
17,031,240900,17031240900,2409,Census Tract 2409,24,24,,300,41.90474204060,-87.70188364890
17,031,241100,17031241100,2411,Census Tract 2411,24,24,,301,41.90666724760,-87.68958200650
17,031,190300,17031190300,1903,Census Tract 1903,19,19,,302,41.93498638900,-87.76146344990
17,031,190800,17031190800,1908,Census Tract 1908,19,19,,303,41.92781859980,-87.75136236400
17,031,190900,17031190900,1909,Census Tract 1909,19,19,,304,41.92792253630,-87.74410481990
17,031,191100,17031191100,1911,Census Tract 1911,19,19,,305,41.91962927200,-87.75097633030
17,031,191200,17031191200,1912,Census Tract 1912,19,19,,306,41.92014318600,-87.76082693830
17,031,080100,17031080100,801,Census Tract 801,8,8,,307,41.90755360390,-87.62678976240
17,031,080400,17031080400,804,Census Tract 804,8,8,,308,41.90741155610,-87.64090209870
17,031,081000,17031081000,810,Census Tract 810,8,8,,309,41.90026550900,-87.63210892800
17,031,150600,17031150600,1506,Census Tract 1506,15,15,,310,41.94947306320,-87.77175783030
17,031,301600,17031301600,3016,Census Tract 3016,30,30,,311,41.84075715670,-87.71225203430
17,031,821402,17031821402,8214.02,Census Tract 8214.02,53,53,Partially outside City Boundary (almost all),312,41.66227523260,-87.65213278580
17,031,750300,17031750300,7503,Census Tract 7503,75,75,,313,41.69539108130,-87.68617255760
17,031,750100,17031750100,7501,Census Tract 7501,75,75,,314,41.69583453900,-87.65202830990
17,031,740200,17031740200,7402,Census Tract 7402,74,74,,315,41.70471458500,-87.71270522180
17,031,650400,17031650400,6504,Census Tract 6504,65,65,,316,41.76532466730,-87.71718027610
17,031,650500,17031650500,6505,Census Tract 6505,65,65,,317,41.76225385980,-87.73205783100
17,031,660600,17031660600,6606,Census Tract 6606,66,66,,318,41.77728728130,-87.69334058510
17,031,020500,17031020500,205,Census Tract 205,2,2,,319,42.00131288660,-87.68419820740
17,031,221100,17031221100,2211,Census Tract 2211,22,22,,320,41.92102048880,-87.71036088580
17,031,221300,17031221300,2213,Census Tract 2213,22,22,,321,41.92112561700,-87.69975405790
17,031,221500,17031221500,2215,Census Tract 2215,22,22,,322,41.92164684130,-87.68995132520
17,031,221600,17031221600,2216,Census Tract 2216,22,22,,323,41.92124985350,-87.68509671870
17,031,160800,17031160800,1608,Census Tract 1608,16,16,,324,41.95021310280,-87.71281457500
17,031,160900,17031160900,1609,Census Tract 1609,16,16,,325,41.95008205120,-87.72260823070
17,031,161100,17031161100,1611,Census Tract 1611,16,16,,326,41.94987709090,-87.73815124460
17,031,161200,17031161200,1612,Census Tract 1612,16,16,,327,41.94254891100,-87.73857007300
17,031,161300,17031161300,1613,Census Tract 1613,16,16,,328,41.94269940370,-87.73100230350
17,031,330200,17031330200,3302,Census Tract 3302,33,33,,329,41.86134115150,-87.63053536070
17,031,420600,17031420600,4206,Census Tract 4206,42,42,,330,41.78301348290,-87.61327769340
17,031,420700,17031420700,4207,Census Tract 4207,42,42,,331,41.77669141750,-87.61069325190
17,031,661000,17031661000,6610,Census Tract 6610,66,66,,332,41.76181849590,-87.68504468650
17,031,823304,17031823304,8233.04,Census Tract 8233.04,75,75,Partially outside City Boundary,333,41.68141602690,-87.70277067530
17,031,640400,17031640400,6404,Census Tract 6404,64,64,,334,41.78117837510,-87.79124739610
17,031,640500,17031640500,6405,Census Tract 6405,64,64,,335,41.77568247870,-87.79098786930
17,031,640700,17031640700,6407,Census Tract 6407,64,64,,336,41.77641101690,-87.75193467190
17,031,640800,17031640800,6408,Census Tract 6408,64,64,,337,41.77482390770,-87.73974176350
17,031,650100,17031650100,6501,Census Tract 6501,65,65,,338,41.78237618120,-87.71785617190
17,031,010100,17031010100,101,Census Tract 101,1,1,,339,42.02126165420,-87.66984416470
17,031,020100,17031020100,201,Census Tract 201,2,2,,340,42.01571964990,-87.68711537710
17,031,151200,17031151200,1512,Census Tract 1512,15,15,,341,41.94216895220,-87.77149534480
17,031,310800,17031310800,3108,Census Tract 3108,31,31,,342,41.85593366280,-87.66857374320
17,031,660400,17031660400,6604,Census Tract 6604,66,66,,343,41.78253207850,-87.70804407400
17,031,670400,17031670400,6704,Census Tract 6704,67,67,,344,41.79029962070,-87.67176977220
17,031,340400,17031340400,3404,Census Tract 3404,34,34,,345,41.84188499850,-87.63203523850
17,031,420800,17031420800,4208,Census Tract 4208,42,42,,346,41.77690971950,-87.60325692590
17,031,421200,17031421200,4212,Census Tract 4212,42,42,,347,41.77065692010,-87.60896596190
17,031,661100,17031661100,6611,Census Tract 6611,66,66,,348,41.76078742980,-87.70268813510
17,031,222500,17031222500,2225,Census Tract 2225,22,22,,349,41.91570753980,-87.69959635560
17,031,222800,17031222800,2228,Census Tract 2228,22,22,,350,41.91543486910,-87.71509532300
17,031,230300,17031230300,2303,Census Tract 2303,23,23,,351,41.91181730330,-87.71498894220
17,031,351500,17031351500,3515,Census Tract 3515,35,35,,352,41.82727417960,-87.62774624170
17,031,381500,17031381500,3815,Census Tract 3815,38,38,,353,41.81019271400,-87.62286192340
17,031,190200,17031190200,1902,Census Tract 1902,19,19,,354,41.93511363740,-87.75164892620
17,031,390600,17031390600,3906,Census Tract 3906,39,39,,355,41.80601807120,-87.59435040250
17,031,010300,17031010300,103,Census Tract 103,1,1,,356,42.01594070850,-87.66653507440
17,031,010600,17031010600,106,Census Tract 106,1,1,,357,42.00627835300,-87.66768326800
17,031,020200,17031020200,202,Census Tract 202,2,2,,358,42.01569031350,-87.69951913600
17,031,150800,17031150800,1508,Census Tract 1508,15,15,,359,41.94970858050,-87.75211815890
17,031,151100,17031151100,1511,Census Tract 1511,15,15,,360,41.94229031050,-87.76171751500
17,031,160100,17031160100,1601,Census Tract 1601,16,16,,361,41.96462841590,-87.74279508210
17,031,160200,17031160200,1602,Census Tract 1602,16,16,,362,41.95879088700,-87.73840207920
17,031,160400,17031160400,1604,Census Tract 1604,16,16,,363,41.95736573790,-87.72282385030
17,031,310600,17031310600,3106,Census Tract 3106,31,31,,364,41.85633476530,-87.65956568870
17,031,310900,17031310900,3109,Census Tract 3109,31,31,,365,41.85577160820,-87.67467409780
17,031,320400,17031320400,3204,Census Tract 3204,32,32,,366,41.87772147000,-87.61736672670
17,031,320600,17031320600,3206,Census Tract 3206,32,32,,367,41.87113752370,-87.61688178460
17,031,740300,17031740300,7403,Census Tract 7403,74,74,,368,41.69506940310,-87.71072326280
17,031,660700,17031660700,6607,Census Tract 6607,66,66,,369,41.77384521540,-87.68109545870
17,031,221200,17031221200,2212,Census Tract 2212,22,22,,370,41.92108306080,-87.70464995030
17,031,160700,17031160700,1607,Census Tract 1607,16,16,,371,41.95041898240,-87.70198331070
17,031,222200,17031222200,2222,Census Tract 2222,22,22,,372,41.91590954170,-87.68382620260
17,031,330100,17031330100,3301,Census Tract 3301,33,33,,373,41.85938967120,-87.61529443220
17,031,340300,17031340300,3403,Census Tract 3403,34,34,,374,41.84280847400,-87.63579096830
17,031,340500,17031340500,3405,Census Tract 3405,34,34,,375,41.83451813580,-87.63291693310
17,031,350400,17031350400,3504,Census Tract 3504,35,35,,376,41.84192905290,-87.62836949120
17,031,750500,17031750500,7505,Census Tract 7505,75,75,,377,41.68461592620,-87.67123327970
17,031,750400,17031750400,7504,Census Tract 7504,75,75,,378,41.68565665070,-87.68507105280
17,031,750200,17031750200,7502,Census Tract 7502,75,75,,379,41.69566497030,-87.67142510680
17,031,430200,17031430200,4302,Census Tract 4302,43,43,,380,41.76973135140,-87.58134829720
17,031,660800,17031660800,6608,Census Tract 6608,66,66,,381,41.77364125420,-87.69326554860
17,031,660900,17031660900,6609,Census Tract 6609,66,66,,382,41.76810430850,-87.69799871130
17,031,670200,17031670200,6702,Census Tract 6702,67,67,,383,41.79042473240,-87.66206264550
17,031,670300,17031670300,6703,Census Tract 6703,67,67,,384,41.79035758600,-87.66691668980
17,031,222600,17031222600,2226,Census Tract 2226,22,22,,385,41.91563876050,-87.70447971460
17,031,222700,17031222700,2227,Census Tract 2227,22,22,,386,41.91549084790,-87.71019138190
17,031,222900,17031222900,2229,Census Tract 2229,22,22,,387,41.91556435380,-87.72007439790
17,031,230100,17031230100,2301,Census Tract 2301,23,23,,388,41.91202859550,-87.70436809140
17,031,230200,17031230200,2302,Census Tract 2302,23,23,,389,41.91188211580,-87.71009494680
17,031,230400,17031230400,2304,Census Tract 2304,23,23,,390,41.91183197780,-87.72153968360
17,031,170400,17031170400,1704,Census Tract 1704,17,17,,391,41.94890808590,-87.81271068210
17,031,380700,17031380700,3807,Census Tract 3807,38,38,,392,41.81380602280,-87.62376797750
17,031,381900,17031381900,3819,Census Tract 3819,38,38,,393,41.80395567490,-87.61388848250
17,031,390200,17031390200,3902,Census Tract 3902,39,39,,394,41.81304098880,-87.59947652880
17,031,171000,17031171000,1710,Census Tract 1710,17,17,,395,41.94180720280,-87.79652375080
17,031,180100,17031180100,1801,Census Tract 1801,18,18,,396,41.93447889780,-87.79867309690
17,031,390300,17031390300,3903,Census Tract 3903,39,39,,397,41.81320056560,-87.60420890120
17,031,390500,17031390500,3905,Census Tract 3905,39,39,,398,41.80597810830,-87.59919873030
17,031,390700,17031390700,3907,Census Tract 3907,39,39,,399,41.80637858670,-87.58254188170
17,031,400300,17031400300,4003,Census Tract 4003,40,40,,400,41.79310392200,-87.61318332060
17,031,400400,17031400400,4004,Census Tract 4004,40,40,,401,41.79112614210,-87.61832105230
17,031,400500,17031400500,4005,Census Tract 4005,40,40,,402,41.79104140330,-87.62317913990
17,031,400800,17031400800,4008,Census Tract 4008,40,40,,403,41.78286333280,-87.62055800100
17,031,410100,17031410100,4101,Census Tract 4101,41,41,,404,41.80149693270,-87.57932269340
17,031,440300,17031440300,4403,Census Tract 4403,44,44,,405,41.74373788830,-87.61953194890
17,031,440700,17031440700,4407,Census Tract 4407,44,44,,406,41.73475142660,-87.60962935770
17,031,671800,17031671800,6718,Census Tract 6718,67,67,,407,41.76140097380,-87.65644807420
17,031,680500,17031680500,6805,Census Tract 6805,68,68,,408,41.79056393260,-87.65235243600
17,031,681100,17031681100,6811,Census Tract 6811,68,68,,409,41.76876650100,-87.64935955770
17,031,200100,17031200100,2001,Census Tract 2001,20,20,,410,41.93504809180,-87.73760415800
17,031,410200,17031410200,4102,Census Tract 4102,41,41,,411,41.80166753480,-87.59426780130
17,031,170600,17031170600,1706,Census Tract 1706,17,17,,412,41.94129420830,-87.83070174200
17,031,380500,17031380500,3805,Census Tract 3805,38,38,,413,41.82009880110,-87.62779424290
17,031,381700,17031381700,3817,Census Tract 3817,38,38,,414,41.80555018340,-87.62744627770
17,031,430300,17031430300,4303,Census Tract 4303,43,43,,415,41.76969110270,-87.58935357290
17,031,430700,17031430700,4307,Census Tract 4307,43,43,,416,41.76514335750,-87.55923241460
17,031,430800,17031430800,4308,Census Tract 4308,43,43,,417,41.76075002580,-87.57129826040
17,031,430900,17031430900,4309,Census Tract 4309,43,43,,418,41.76064098150,-87.58118514080
17,031,431200,17031431200,4312,Census Tract 4312,43,43,,419,41.75530109630,-87.57118433760
17,031,431400,17031431400,4314,Census Tract 4314,43,43,,420,41.75968505150,-87.54722540100
17,031,230800,17031230800,2308,Census Tract 2308,23,23,,421,41.90586505410,-87.71495627180
17,031,231100,17031231100,2311,Census Tract 2311,23,23,,422,41.89925418920,-87.71506836590
17,031,170900,17031170900,1709,Census Tract 1709,17,17,,423,41.93619586440,-87.81160574090
17,031,210100,17031210100,2101,Census Tract 2101,21,21,,424,41.94286809930,-87.70133091370
17,031,420200,17031420200,4202,Census Tract 4202,42,42,,425,41.78345820960,-87.59351596650
17,031,420300,17031420300,4203,Census Tract 4203,42,42,,426,41.78322406470,-87.59869701380
17,031,440600,17031440600,4406,Census Tract 4406,44,44,,427,41.73269089130,-87.61916031240
17,031,440800,17031440800,4408,Census Tract 4408,44,44,,428,41.73171219210,-87.60332808400
17,031,440900,17031440900,4409,Census Tract 4409,44,44,,429,41.72866899180,-87.60900574000
17,031,450300,17031450300,4503,Census Tract 4503,45,45,,430,41.74194377670,-87.57908914890
17,031,671900,17031671900,6719,Census Tract 6719,67,67,,431,41.76132558990,-87.66128024200
17,031,672000,17031672000,6720,Census Tract 6720,67,67,,432,41.76119857390,-87.67112845360
17,031,680600,17031680600,6806,Census Tract 6806,68,68,,433,41.78328108340,-87.65216524290
17,031,680900,17031680900,6809,Census Tract 6809,68,68,,434,41.77642815440,-87.63763213720
17,031,681000,17031681000,6810,Census Tract 6810,68,68,,435,41.77603942970,-87.64955262440
17,031,240200,17031240200,2402,Census Tract 2402,24,24,,436,41.91244166460,-87.67018161590
17,031,240300,17031240300,2403,Census Tract 2403,24,24,,437,41.91236618210,-87.67507128920
17,031,200200,17031200200,2002,Census Tract 2002,20,20,,438,41.92785225800,-87.73562823710
17,031,410500,17031410500,4105,Census Tract 4105,41,41,,439,41.79782723050,-87.60374641160
17,031,410600,17031410600,4106,Census Tract 4106,41,41,,440,41.79797098740,-87.59894513750
17,031,170100,17031170100,1701,Census Tract 1701,17,17,,441,41.95585957840,-87.79481676460
17,031,170200,17031170200,1702,Census Tract 1702,17,17,,442,41.94935279850,-87.78151877910
17,031,170300,17031170300,1703,Census Tract 1703,17,17,,443,41.94912481620,-87.79682782240
17,031,170500,17031170500,1705,Census Tract 1705,17,17,,444,41.95007793770,-87.82889570570
17,031,351400,17031351400,3514,Census Tract 3514,35,35,,445,41.82740042920,-87.62408903770
17,031,381200,17031381200,3812,Census Tract 3812,38,38,,446,41.80851141900,-87.61399918040
17,031,381400,17031381400,3814,Census Tract 3814,38,38,,447,41.80762022150,-87.62142975640
17,031,381800,17031381800,3818,Census Tract 3818,38,38,,448,41.80384813920,-87.62119775910
17,031,390100,17031390100,3901,Census Tract 3901,39,39,,449,41.81384339960,-87.59063031440
17,031,430400,17031430400,4304,Census Tract 4304,43,43,,450,41.76217766800,-87.59032147030
17,031,430500,17031430500,4305,Census Tract 4305,43,43,,451,41.76428417820,-87.58127360230
17,031,430600,17031430600,4306,Census Tract 4306,43,43,,452,41.76438546630,-87.57137475880
17,031,230700,17031230700,2307,Census Tract 2307,23,23,,453,41.90633999180,-87.72153988360
17,031,230900,17031230900,2309,Census Tract 2309,23,23,,454,41.90671769300,-87.71035533150
17,031,231200,17031231200,2312,Census Tract 2312,23,23,,455,41.89906136710,-87.72131534040
17,031,170700,17031170700,1707,Census Tract 1707,17,17,,456,41.94148666290,-87.82216415260
17,031,170800,17031170800,1708,Census Tract 1708,17,17,,457,41.94157614430,-87.81237127180
17,031,171100,17031171100,1711,Census Tract 1711,17,17,,458,41.94205278870,-87.78128650130
17,031,190100,17031190100,1901,Census Tract 1901,19,19,,459,41.93521757870,-87.74438886900
17,031,390400,17031390400,3904,Census Tract 3904,39,39,,460,41.80592430500,-87.60405818760
17,031,242200,17031242200,2422,Census Tract 2422,24,24,,461,41.89958930870,-87.67471876230
17,031,200300,17031200300,2003,Census Tract 2003,20,20,,462,41.92348061820,-87.73412637710
17,031,210400,17031210400,2104,Census Tract 2104,21,21,,463,41.93575809250,-87.73029808010
17,031,210700,17031210700,2107,Census Tract 2107,21,21,,464,41.93570285120,-87.70384007150
17,031,210800,17031210800,2108,Census Tract 2108,21,21,,465,41.93574549790,-87.69893335110
17,031,210900,17031210900,2109,Census Tract 2109,21,21,,466,41.93543904770,-87.69333659430
17,031,220300,17031220300,2203,Census Tract 2203,22,22,,467,41.92846462510,-87.69508633710
17,031,420100,17031420100,4201,Census Tract 4201,42,42,,468,41.78341669080,-87.57740160510
17,031,420400,17031420400,4204,Census Tract 4204,42,42,,469,41.78316986880,-87.60355836010
17,031,420500,17031420500,4205,Census Tract 4205,42,42,,470,41.78310022510,-87.60842612470
17,031,470100,17031470100,4701,Census Tract 4701,47,47,,471,41.72822069740,-87.59648955520
17,031,480100,17031480100,4801,Census Tract 4801,48,48,,472,41.73524799010,-87.57560270650
17,031,691000,17031691000,6910,Census Tract 6910,69,69,,473,41.76196539490,-87.62001510700
17,031,691300,17031691300,6913,Census Tract 6913,69,69,,474,41.75468106090,-87.61984715070
17,031,242300,17031242300,2423,Census Tract 2423,24,24,,475,41.89950648730,-87.67960033340
17,031,411100,17031411100,4111,Census Tract 4111,41,41,,476,41.79044938620,-87.58970209310
17,031,460400,17031460400,4604,Census Tract 4604,46,46,,477,41.74449029840,-87.56369221910
17,031,681200,17031681200,6812,Census Tract 6812,68,68,,478,41.76918930170,-87.63849762510
17,031,690500,17031690500,6905,Census Tract 6905,69,69,,479,41.76816563930,-87.61210850170
17,031,241400,17031241400,2414,Census Tract 2414,24,24,,480,41.90602337920,-87.67531017360
17,031,241500,17031241500,2415,Census Tract 2415,24,24,,481,41.90837592660,-87.67093743030
17,031,241600,17031241600,2416,Census Tract 2416,24,24,,482,41.90670965810,-87.66532771970
17,031,242000,17031242000,2420,Census Tract 2420,24,24,,483,41.89973708910,-87.66495365120
17,031,243300,17031243300,2433,Census Tract 2433,24,24,,484,41.89247811140,-87.66473878410
17,031,491200,17031491200,4912,Census Tract 4912,49,49,,485,41.68877646050,-87.63743826750
17,031,710800,17031710800,7108,Census Tract 7108,71,71,,486,41.74783664730,-87.64881259450
17,031,711300,17031711300,7113,Census Tract 7113,71,71,,487,41.73350442360,-87.66728553760
17,031,010202,17031010202,102.02,Census Tract 102.02,1,1,,488,42.01605029040,-87.67332160840
17,031,480200,17031480200,4802,Census Tract 4802,48,48,,489,41.73512373800,-87.58988410750
17,031,480300,17031480300,4803,Census Tract 4803,48,48,,490,41.72919418360,-87.58797248790
17,031,480400,17031480400,4804,Census Tract 4804,48,48,,491,41.72844975970,-87.57563850410
17,031,480500,17031480500,4805,Census Tract 4805,48,48,,492,41.72755028800,-87.55904985270
17,031,691100,17031691100,6911,Census Tract 6911,69,69,,493,41.76171349010,-87.62987211080
17,031,691200,17031691200,6912,Census Tract 6912,69,69,,494,41.75443892150,-87.63218059100
17,031,691400,17031691400,6914,Census Tract 6914,69,69,,495,41.75484545560,-87.61016852050
17,031,691500,17031691500,6915,Census Tract 6915,69,69,,496,41.75504298290,-87.60029858490
17,031,700100,17031700100,7001,Census Tract 7001,70,70,,497,41.75359347350,-87.69530905490
17,031,410700,17031410700,4107,Census Tract 4107,41,41,,498,41.79803993300,-87.59419824870
17,031,410800,17031410800,4108,Census Tract 4108,41,41,,499,41.79795879910,-87.58962436820
17,031,410900,17031410900,4109,Census Tract 4109,41,41,,500,41.79787464930,-87.57665934460
17,031,411000,17031411000,4110,Census Tract 4110,41,41,,501,41.79071585420,-87.57687325370
17,031,411200,17031411200,4112,Census Tract 4112,41,41,,502,41.79055565450,-87.59401722000
17,031,530600,17031530600,5306,Census Tract 5306,53,53,,503,41.67039077570,-87.61899523340
17,031,460100,17031460100,4601,Census Tract 4601,46,46,,504,41.74615620640,-87.53574246250
17,031,460200,17031460200,4602,Census Tract 4602,46,46,,505,41.74138679270,-87.54701105630
17,031,460500,17031460500,4605,Census Tract 4605,46,46,,506,41.74688184000,-87.57260402330
17,031,460600,17031460600,4606,Census Tract 4606,46,46,,507,41.73563266720,-87.55951422640
17,031,460700,17031460700,4607,Census Tract 4607,46,46,,508,41.73558008060,-87.54928132680
17,031,461000,17031461000,4610,Census Tract 4610,46,46,,509,41.72740531210,-87.54652785200
17,031,681300,17031681300,6813,Census Tract 6813,68,68,,510,41.76117332910,-87.63986219400
17,031,681400,17031681400,6814,Census Tract 6814,68,68,,511,41.76153080340,-87.64919264350
17,031,690300,17031690300,6903,Census Tract 6903,69,69,,512,41.76866901350,-87.62901406160
17,031,690400,17031690400,6904,Census Tract 6904,69,69,,513,41.76925850100,-87.62020835620
17,031,690900,17031690900,6909,Census Tract 6909,69,69,,514,41.76214233810,-87.61034480370
17,031,241200,17031241200,2412,Census Tract 2412,24,24,,515,41.90670703140,-87.68468576990
17,031,241300,17031241300,2413,Census Tract 2413,24,24,,516,41.90677153380,-87.68102501300
17,031,242100,17031242100,2421,Census Tract 2421,24,24,,517,41.89966983750,-87.66983746640
17,031,243100,17031243100,2431,Census Tract 2431,24,24,,518,41.89235460500,-87.67450675040
17,031,243200,17031243200,2432,Census Tract 2432,24,24,,519,41.89243271540,-87.66962377390
17,031,243400,17031243400,2434,Census Tract 2434,24,24,,520,41.89255765550,-87.65984785420
17,031,243500,17031243500,2435,Census Tract 2435,24,24,,521,41.89265358340,-87.65251724480
17,031,250200,17031250200,2502,Census Tract 2502,25,25,,522,41.91235084170,-87.75107297150
17,031,491000,17031491000,4910,Census Tract 4910,49,49,,523,41.69975853580,-87.62805056450
17,031,491100,17031491100,4911,Census Tract 4911,49,49,,524,41.69975692970,-87.63769564460
17,031,510100,17031510100,5101,Census Tract 5101,51,51,,525,41.71311740700,-87.54986319790
17,031,510200,17031510200,5102,Census Tract 5102,51,51,,526,41.71425305170,-87.56004128130
17,031,520200,17031520200,5202,Census Tract 5202,52,52,,527,41.71380114480,-87.53979411940
17,031,710900,17031710900,7109,Census Tract 7109,71,71,,528,41.74214667690,-87.63968985370
17,031,711000,17031711000,7110,Census Tract 7110,71,71,,529,41.73964362420,-87.64858106480
17,031,711100,17031711100,7111,Census Tract 7111,71,71,,530,41.73950160380,-87.65830015180
17,031,711200,17031711200,7112,Census Tract 7112,71,71,,531,41.74055609430,-87.66982521530
17,031,711400,17031711400,7114,Census Tract 7114,71,71,,532,41.73365718840,-87.65212347640
17,031,081402,17031081402,814.02,Census Tract 814.02,8,8,,533,41.89297500260,-87.60892092000
17,031,061902,17031061902,619.02,Census Tract 619.02,6,6,,534,41.94492798050,-87.63570670660
17,031,030200,17031030200,302,Census Tract 302,77,77,,535,41.99444143580,-87.66523000890
17,031,030300,17031030300,303,Census Tract 303,77,77,,536,41.99438748830,-87.67253478910
17,031,030400,17031030400,304,Census Tract 304,77,77,,537,41.98695152890,-87.67207881040
17,031,030500,17031030500,305,Census Tract 305,77,77,,538,41.98722598890,-87.66493586930
17,031,030800,17031030800,308,Census Tract 308,77,77,,539,41.97991228610,-87.66418803480
17,031,242400,17031242400,2424,Census Tract 2424,24,24,,540,41.89942189120,-87.68449000430
17,031,242500,17031242500,2425,Census Tract 2425,24,24,,541,41.89944547170,-87.68931909960
17,031,242600,17031242600,2426,Census Tract 2426,24,24,,542,41.90056001470,-87.69419700550
17,031,242700,17031242700,2427,Census Tract 2427,24,24,,543,41.89742538610,-87.69937424970
17,031,242800,17031242800,2428,Census Tract 2428,24,24,,544,41.89263200320,-87.69032368660
17,031,242900,17031242900,2429,Census Tract 2429,24,24,,545,41.89219547790,-87.68428963250
17,031,243000,17031243000,2430,Census Tract 2430,24,24,,546,41.89227532000,-87.67939813880
17,031,220400,17031220400,2204,Census Tract 2204,22,22,,547,41.92843145880,-87.69996836180
17,031,220500,17031220500,2205,Census Tract 2205,22,22,,548,41.92839654270,-87.70491105260
17,031,221000,17031221000,2210,Census Tract 2210,22,22,,549,41.92096036620,-87.71525255350
17,031,810400,17031810400,8104,Census Tract 8104,10,10,Partially outside City Boundary,550,41.98757414830,-87.82943814870
17,031,520500,17031520500,5205,Census Tract 5205,52,52,,551,41.69311663310,-87.53087045920
17,031,720500,17031720500,7205,Census Tract 7205,72,72,,552,41.70283531170,-87.68910108410
17,031,490300,17031490300,4903,Census Tract 4903,49,49,,553,41.72538155690,-87.61914770150
17,031,490400,17031490400,4904,Census Tract 4904,49,49,,554,41.72365386770,-87.61082369070
17,031,710100,17031710100,7101,Census Tract 7101,71,71,,555,41.75339176410,-87.64197131230
17,031,710300,17031710300,7103,Census Tract 7103,71,71,,556,41.75404845500,-87.66110569690
17,031,710600,17031710600,7106,Census Tract 7106,71,71,,557,41.74766003790,-87.66094335810
17,031,031800,17031031800,318,Census Tract 318,3,3,,558,41.96701142890,-87.67062092650
17,031,350100,17031350100,3501,Census Tract 3501,35,35,,559,41.84174945640,-87.60842023820
17,031,351100,17031351100,3511,Census Tract 3511,35,35,,560,41.82774683530,-87.61419977080
17,031,251200,17031251200,2512,Census Tract 2512,25,25,,561,41.89854906330,-87.76060395720
17,031,570100,17031570100,5701,Census Tract 5701,57,57,,562,41.81620030040,-87.71891322300
17,031,030900,17031030900,309,Census Tract 309,77,77,,563,41.97979509440,-87.67144544080
17,031,250600,17031250600,2506,Census Tract 2506,25,25,,564,41.90569345360,-87.77063030720
17,031,560100,17031560100,5601,Census Tract 5601,56,56,,565,41.81536583640,-87.74125026810
17,031,490500,17031490500,4905,Census Tract 4905,49,49,,566,41.71792756990,-87.61320674080
17,031,490600,17031490600,4906,Census Tract 4906,49,49,,567,41.71795135490,-87.62833235970
17,031,490700,17031490700,4907,Census Tract 4907,49,49,,568,41.71073188450,-87.62836478170
17,031,490800,17031490800,4908,Census Tract 4908,49,49,,569,41.71068281630,-87.61533711930
17,031,700200,17031700200,7002,Census Tract 7002,70,70,,570,41.75299041650,-87.72382247190
17,031,710200,17031710200,7102,Census Tract 7102,71,71,,571,41.75511215620,-87.65142767040
17,031,710400,17031710400,7104,Census Tract 7104,71,71,,572,41.75391863400,-87.67093244430
17,031,710500,17031710500,7105,Census Tract 7105,71,71,,573,41.74753160580,-87.67078728910
17,031,710700,17031710700,7107,Census Tract 7107,71,71,,574,41.74711000600,-87.65688400560
17,031,031900,17031031900,319,Census Tract 319,3,3,,575,41.96337401460,-87.67018405220
17,031,032100,17031032100,321,Census Tract 321,3,3,,576,41.95815383020,-87.65301788830
17,031,251000,17031251000,2510,Census Tract 2510,25,25,,577,41.89869446670,-87.74489244870
17,031,280400,17031280400,2804,Census Tract 2804,28,28,,578,41.88600964660,-87.67188448730
17,031,320100,17031320100,3201,Census Tract 3201,32,32,,579,41.88504647910,-87.62093224280
17,031,351000,17031351000,3510,Census Tract 3510,35,35,,580,41.83478368520,-87.60597443430
17,031,360200,17031360200,3602,Census Tract 3602,36,36,,581,41.82687569370,-87.60990515270
17,031,380100,17031380100,3801,Census Tract 3801,38,38,,582,41.82019674400,-87.61010049430
17,031,231500,17031231500,2315,Census Tract 2315,23,23,,583,41.89173183650,-87.71865590820
17,031,251100,17031251100,2511,Census Tract 2511,25,25,,584,41.89862477150,-87.75201116700
17,031,550200,17031550200,5502,Census Tract 5502,55,55,,585,41.65342931310,-87.56400999920
17,031,560800,17031560800,5608,Census Tract 5608,56,56,,586,41.79620561250,-87.77216592860
17,031,560900,17031560900,5609,Census Tract 5609,56,56,,587,41.79577013940,-87.79165140550
17,031,561000,17031561000,5610,Census Tract 5610,56,56,,588,41.78850215090,-87.79150326430
17,031,561100,17031561100,5611,Census Tract 5611,56,56,,589,41.78886982940,-87.77190985370
17,031,570200,17031570200,5702,Census Tract 5702,57,57,,590,41.81438019600,-87.73071459180
17,031,730400,17031730400,7304,Census Tract 7304,73,73,,591,41.71782126490,-87.65264255170
17,031,730500,17031730500,7305,Census Tract 7305,73,73,,592,41.71424929880,-87.63813858090
17,031,730600,17031730600,7306,Census Tract 7306,73,73,,593,41.71060033890,-87.65048566930
17,031,730700,17031730700,7307,Census Tract 7307,73,73,,594,41.70308170490,-87.65007924680
17,031,250300,17031250300,2503,Census Tract 2503,25,25,,595,41.91283910150,-87.76083842130
17,031,250400,17031250400,2504,Census Tract 2504,25,25,,596,41.91290784690,-87.77539555970
17,031,250500,17031250500,2505,Census Tract 2505,25,25,,597,41.91461862680,-87.79679533920
17,031,250700,17031250700,2507,Census Tract 2507,25,25,,598,41.90582124630,-87.76081003730
17,031,250800,17031250800,2508,Census Tract 2508,25,25,,599,41.90618174630,-87.75146768170
17,031,500300,17031500300,5003,Census Tract 5003,50,50,,600,41.68931503730,-87.60536976410
17,031,520300,17031520300,5203,Census Tract 5203,52,52,,601,41.70112319560,-87.53955717180
17,031,520600,17031520600,5206,Census Tract 5206,52,52,,602,41.68952934770,-87.54040383940
17,031,560200,17031560200,5602,Census Tract 5602,56,56,,603,41.81133960180,-87.74778048100
17,031,560300,17031560300,5603,Census Tract 5603,56,56,,604,41.80390711810,-87.74794935150
17,031,560400,17031560400,5604,Census Tract 5604,56,56,,605,41.80400847940,-87.74057678740
17,031,560700,17031560700,5607,Census Tract 5607,56,56,,606,41.79646261400,-87.75752018920
17,031,711500,17031711500,7115,Census Tract 7115,71,71,,607,41.73244062550,-87.63868813820
17,031,720600,17031720600,7206,Census Tract 7206,72,72,,608,41.70277640700,-87.67720697720
17,031,031000,17031031000,310,Census Tract 310,3,3,,609,41.97243701160,-87.67110935900
17,031,031700,17031031700,317,Census Tract 317,3,3,,610,41.96544657280,-87.66319542690
17,031,580300,17031580300,5803,Census Tract 5803,58,58,,611,41.82518758350,-87.70893399050
17,031,050500,17031050500,505,Census Tract 505,5,5,,612,41.95044739940,-87.68350727470
17,031,050800,17031050800,508,Census Tract 508,5,5,,613,41.94500946860,-87.68092794260
17,031,051000,17031051000,510,Census Tract 510,5,5,,614,41.94130243100,-87.68573171660
17,031,051400,17031051400,514,Census Tract 514,5,5,,615,41.93574892130,-87.68099048810
17,031,081900,17031081900,819,Census Tract 819,8,8,,616,41.89798318950,-87.64149137520
17,031,252000,17031252000,2520,Census Tract 2520,25,25,,617,41.88369352520,-87.76987340950
17,031,260300,17031260300,2603,Census Tract 2603,26,26,,618,41.88427577020,-87.73313533190
17,031,040300,17031040300,403,Census Tract 403,4,4,,619,41.97680114160,-87.70197475780
17,031,040800,17031040800,408,Census Tract 408,4,4,,620,41.96316274980,-87.69230339850
17,031,050100,17031050100,501,Census Tract 501,5,5,,621,41.95784506850,-87.67637298230
17,031,050200,17031050200,502,Census Tract 502,5,5,,622,41.95774053180,-87.68371677410
17,031,050300,17031050300,503,Census Tract 503,5,5,,623,41.95767804330,-87.69151855760
17,031,380200,17031380200,3802,Census Tract 3802,38,38,,624,41.82057395410,-87.61498607560
17,031,081500,17031081500,815,Census Tract 815,8,8,,625,41.89255904110,-87.62623003120
17,031,720100,17031720100,7201,Census Tract 7201,72,72,,626,41.72759424920,-87.67472702570
17,031,720200,17031720200,7202,Census Tract 7202,72,72,,627,41.71302446880,-87.66605015190
17,031,720300,17031720300,7203,Census Tract 7203,72,72,,628,41.71390250500,-87.67714513740
17,031,720700,17031720700,7207,Census Tract 7207,72,72,,629,41.70310712170,-87.66513881410
17,031,730100,17031730100,7301,Census Tract 7301,73,73,,630,41.72517707570,-87.63842561890
17,031,730300,17031730300,7303,Census Tract 7303,73,73,,631,41.72746274060,-87.66456510790
17,031,031100,17031031100,311,Census Tract 311,3,3,,632,41.97266840920,-87.66386621100
17,031,031200,17031031200,312,Census Tract 312,3,3,,633,41.97270918370,-87.65734101370
17,031,031300,17031031300,313,Census Tract 313,3,3,,634,41.97290964720,-87.64678529400
17,031,031400,17031031400,314,Census Tract 314,3,3,,635,41.96257023700,-87.64052094790
17,031,570500,17031570500,5705,Census Tract 5705,57,57,,636,41.79860150300,-87.73245527820
17,031,580100,17031580100,5801,Census Tract 5801,58,58,,637,41.82805412380,-87.69074503700
17,031,580200,17031580200,5802,Census Tract 5802,58,58,,638,41.82677179940,-87.69934776340
17,031,580400,17031580400,5804,Census Tract 5804,58,58,,639,41.81527525930,-87.70918444790
17,031,580600,17031580600,5806,Census Tract 5806,58,58,,640,41.81739780750,-87.69203144130
17,031,530300,17031530300,5303,Census Tract 5303,53,53,,641,41.68131435500,-87.65175240870
17,031,500100,17031500100,5001,Census Tract 5001,50,50,,642,41.71468397030,-87.59502365470
17,031,050600,17031050600,506,Census Tract 506,5,5,,643,41.95054662870,-87.67618130960
17,031,050700,17031050700,507,Census Tract 507,5,5,,644,41.94507102490,-87.67605949260
17,031,050900,17031050900,509,Census Tract 509,5,5,,645,41.94494655150,-87.68577800250
17,031,051100,17031051100,511,Census Tract 511,5,5,,646,41.94136517010,-87.68082663870
17,031,051200,17031051200,512,Census Tract 512,5,5,,647,41.94142112310,-87.67595180080
17,031,051300,17031051300,513,Census Tract 513,5,5,,648,41.93599581120,-87.67584041510
17,031,060100,17031060100,601,Census Tract 601,6,6,,649,41.95753107120,-87.66661121030
17,031,060200,17031060200,602,Census Tract 602,6,6,,650,41.95790363580,-87.67151746500
17,031,081800,17031081800,818,Census Tract 818,8,8,,651,41.89325540060,-87.63779547770
17,031,090100,17031090100,901,Census Tract 901,9,9,,652,42.01525513330,-87.81358470750
17,031,090200,17031090200,902,Census Tract 902,9,9,Partially outside City Boundary,653,42.00559833660,-87.81322377530
17,031,090300,17031090300,903,Census Tract 903,9,9,Partially outside City Boundary,654,41.99922238550,-87.81661873850
17,031,100100,17031100100,1001,Census Tract 1001,10,10,,655,41.98958037180,-87.78303351860
17,031,100200,17031100200,1002,Census Tract 1002,10,10,,656,41.99561632890,-87.79424582110
17,031,260100,17031260100,2601,Census Tract 2601,26,26,,657,41.88435933870,-87.72333447450
17,031,260200,17031260200,2602,Census Tract 2602,26,26,,658,41.88432512030,-87.72822932710
17,031,491300,17031491300,4913,Census Tract 4913,49,49,,659,41.68889686900,-87.62780358430
17,031,720400,17031720400,7204,Census Tract 7204,72,72,,660,41.70999182980,-87.68666863930
17,031,530400,17031530400,5304,Census Tract 5304,53,53,,661,41.67403967480,-87.65152669610
17,031,750600,17031750600,7506,Census Tract 7506,75,75,,662,41.68863121870,-87.65204933090
17,031,040100,17031040100,401,Census Tract 401,4,4,,663,41.98333046530,-87.68199335920
17,031,040600,17031040600,406,Census Tract 406,4,4,,664,41.96683378100,-87.68401804880
17,031,040700,17031040700,407,Census Tract 407,4,4,,665,41.96680566770,-87.69408527840
17,031,040900,17031040900,409,Census Tract 409,4,4,,666,41.96318467570,-87.68385442750
17,031,980000,17031980000,9800,Census Tract 9800,76,76,Partially outside City Boundary (O'Hare),667,41.98026445870,-87.90389311980
17,031,081600,17031081600,816,Census Tract 816,8,8,,668,41.89210629070,-87.62887372470
17,031,081700,17031081700,817,Census Tract 817,8,8,,669,41.89206678470,-87.63186814100
17,031,251300,17031251300,2513,Census Tract 2513,25,25,,670,41.89842507010,-87.77038492630
17,031,251400,17031251400,2514,Census Tract 2514,25,25,,671,41.89099814560,-87.77012957310
17,031,251500,17031251500,2515,Census Tract 2515,25,25,,672,41.89111166040,-87.76034552030
17,031,251900,17031251900,2519,Census Tract 2519,25,25,,673,41.88381951280,-87.76010395380
17,031,260700,17031260700,2607,Census Tract 2607,26,26,,674,41.87705637920,-87.72799575830
17,031,600900,17031600900,6009,Census Tract 6009,60,60,,675,41.83651007000,-87.65315881710
17,031,611200,17031611200,6112,Census Tract 6112,61,61,,676,41.80499392710,-87.66244136730
17,031,062400,17031062400,624,Census Tract 624,6,6,,677,41.94155555140,-87.66628816370
17,031,062800,17031062800,628,Census Tract 628,6,6,,678,41.93615864870,-87.66126479330
17,031,062900,17031062900,629,Census Tract 629,6,6,,679,41.93623698640,-87.65641125720
17,031,063000,17031063000,630,Census Tract 630,6,6,,680,41.93631024740,-87.65156173340
17,031,063100,17031063100,631,Census Tract 631,6,6,,681,41.93823193170,-87.64677988210
17,031,063200,17031063200,632,Census Tract 632,6,6,,682,41.93916554260,-87.63464276030
17,031,063400,17031063400,634,Census Tract 634,6,6,,683,41.93465953110,-87.64673023260
17,031,271500,17031271500,2715,Census Tract 2715,27,27,,684,41.87178612490,-87.71315590850
17,031,611600,17031611600,6116,Census Tract 6116,61,61,,685,41.79759550280,-87.67674265080
17,031,580800,17031580800,5808,Census Tract 5808,58,58,,686,41.81021950550,-87.68664385630
17,031,600400,17031600400,6004,Census Tract 6004,60,60,,687,41.84171835190,-87.64393212120
17,031,060300,17031060300,603,Census Tract 603,6,6,,688,41.95060605610,-87.67133165770
17,031,060800,17031060800,608,Census Tract 608,6,6,,689,41.95384794850,-87.64376315450
17,031,061100,17031061100,611,Census Tract 611,6,6,,690,41.94913974940,-87.65680349120
17,031,061800,17031061800,618,Census Tract 618,6,6,,691,41.94648949280,-87.64711318900
17,031,110200,17031110200,1102,Census Tract 1102,11,11,,692,41.98006989970,-87.77344417360
17,031,251600,17031251600,2516,Census Tract 2516,25,25,,693,41.89140646050,-87.75180371960
17,031,251700,17031251700,2517,Census Tract 2517,25,25,,694,41.89138435010,-87.74447926850
17,031,251800,17031251800,2518,Census Tract 2518,25,25,,695,41.88414362330,-87.74788851000
17,031,570300,17031570300,5703,Census Tract 5703,57,57,,696,41.80414486690,-87.73079090690
17,031,570400,17031570400,5704,Census Tract 5704,57,57,,697,41.80499208300,-87.71913044940
17,031,100600,17031100600,1006,Census Tract 1006,10,10,,698,41.97920446290,-87.79739960330
17,031,100700,17031100700,1007,Census Tract 1007,10,10,,699,41.97212353670,-87.79762952360
17,031,110100,17031110100,1101,Census Tract 1101,11,11,,700,41.98748322230,-87.76969434490
17,031,260900,17031260900,2609,Census Tract 2609,26,26,,701,41.87102971560,-87.72281414680
17,031,261000,17031261000,2610,Census Tract 2610,26,26,,702,41.87133787230,-87.73200935360
17,031,270500,17031270500,2705,Census Tract 2705,27,27,,703,41.87623229000,-87.71779283260
17,031,520100,17031520100,5201,Census Tract 5201,52,52,,704,41.72033111830,-87.53049631900
17,031,610300,17031610300,6103,Census Tract 6103,61,61,,705,41.81617767040,-87.67510206880
17,031,610800,17031610800,6108,Census Tract 6108,61,61,,706,41.81270782230,-87.63840839600
17,031,611000,17031611000,6110,Census Tract 6110,61,61,,707,41.80477136230,-87.64993811350
17,031,611400,17031611400,6114,Census Tract 6114,61,61,,708,41.80489003570,-87.67216361420
17,031,062200,17031062200,622,Census Tract 622,6,6,,709,41.94258465270,-87.65664398810
17,031,062600,17031062600,626,Census Tract 626,6,6,,710,41.93597513630,-87.67098427790
17,031,062700,17031062700,627,Census Tract 627,6,6,,711,41.93608622570,-87.66611031840
17,031,120300,17031120300,1203,Census Tract 1203,12,12,,712,41.99111352050,-87.74006656680
17,031,271800,17031271800,2718,Census Tract 2718,27,27,,713,41.87149638900,-87.69848966120
17,031,520400,17031520400,5204,Census Tract 5204,52,52,,714,41.70299042040,-87.53072691230
17,031,260500,17031260500,2605,Census Tract 2605,26,26,,715,41.87666390840,-87.73772821360
17,031,260600,17031260600,2606,Census Tract 2606,26,26,,716,41.87710773790,-87.73286664430
17,031,580700,17031580700,5807,Census Tract 5807,58,58,,717,41.81748805810,-87.68684699880
17,031,590500,17031590500,5905,Census Tract 5905,59,59,,718,41.82666322210,-87.67990651330
17,031,590600,17031590600,5906,Census Tract 5906,59,59,,719,41.82683284140,-87.67292544840
17,031,590700,17031590700,5907,Census Tract 5907,59,59,,720,41.82678211920,-87.66385177870
17,031,600600,17031600600,6006,Census Tract 6006,60,60,,721,41.84225944590,-87.65546768570
17,031,600700,17031600700,6007,Census Tract 6007,60,60,,722,41.84069264800,-87.66062930830
17,031,060400,17031060400,604,Census Tract 604,6,6,,723,41.95067315570,-87.66653643040
17,031,060500,17031060500,605,Census Tract 605,6,6,,724,41.95272000590,-87.66050075090
17,031,060900,17031060900,609,Census Tract 609,6,6,,725,41.95069043580,-87.64047135120
17,031,061000,17031061000,610,Census Tract 610,6,6,,726,41.94922056490,-87.65197028760
17,031,061200,17031061200,612,Census Tract 612,6,6,,727,41.94905990680,-87.66164269390
17,031,061500,17031061500,615,Census Tract 615,6,6,,728,41.94528175910,-87.66154469600
17,031,062000,17031062000,620,Census Tract 620,6,6,,729,41.94257685490,-87.64707856600
17,031,062100,17031062100,621,Census Tract 621,6,6,,730,41.94269144260,-87.65177037230
17,031,260400,17031260400,2604,Census Tract 2604,26,26,,731,41.88421452620,-87.73804112550
17,031,100300,17031100300,1003,Census Tract 1003,10,10,,732,41.98870292480,-87.80440534960
17,031,100400,17031100400,1004,Census Tract 1004,10,10,,733,41.98896744620,-87.81804177510
17,031,100500,17031100500,1005,Census Tract 1005,10,10,,734,41.97806010710,-87.81973232160
17,031,260800,17031260800,2608,Census Tract 2608,26,26,,735,41.87708478210,-87.72309637510
17,031,271200,17031271200,2712,Census Tract 2712,27,27,,736,41.87735968500,-87.70356214900
17,031,610400,17031610400,6104,Census Tract 6104,61,61,,737,41.81039844750,-87.66744912460
17,031,611100,17031611100,6111,Census Tract 6111,61,61,,738,41.80505894850,-87.65758172730
17,031,611300,17031611300,6113,Census Tract 6113,61,61,,739,41.80493621590,-87.66730385470
17,031,062300,17031062300,623,Census Tract 623,6,6,,740,41.94162776870,-87.66144316930
17,031,062500,17031062500,625,Census Tract 625,6,6,,741,41.94148801800,-87.67110725110
17,031,070700,17031070700,707,Census Tract 707,7,7,,742,41.92926242730,-87.67380221690
17,031,071100,17031071100,711,Census Tract 711,7,7,,743,41.92177773650,-87.65106141130
17,031,071300,17031071300,713,Census Tract 713,7,7,,744,41.92177937370,-87.64145775560
17,031,120400,17031120400,1204,Census Tract 1204,12,12,,745,41.97723555680,-87.75216230870
17,031,130100,17031130100,1301,Census Tract 1301,13,13,,746,41.99110404750,-87.72080892190
17,031,130200,17031130200,1302,Census Tract 1302,13,13,,747,41.98085076770,-87.73606658920
17,031,140100,17031140100,1401,Census Tract 1401,14,14,,748,41.97108442070,-87.70579413510
17,031,140200,17031140200,1402,Census Tract 1402,14,14,,749,41.97069490040,-87.71300428010
17,031,140400,17031140400,1404,Census Tract 1404,14,14,,750,41.97153707990,-87.73894293260
17,031,292400,17031292400,2924,Census Tract 2924,29,29,,751,41.85523983920,-87.72239910950
17,031,292500,17031292500,2925,Census Tract 2925,29,29,,752,41.85516108510,-87.73224293510
17,031,300600,17031300600,3006,Census Tract 3006,30,30,,753,41.84799044680,-87.71733431510
17,031,300700,17031300700,3007,Census Tract 3007,30,30,,754,41.84807203110,-87.71245040240
17,031,282700,17031282700,2827,Census Tract 2827,28,28,,755,41.87136680150,-87.68868120810
17,031,282800,17031282800,2828,Census Tract 2828,28,28,,756,41.87026820330,-87.68491360660
17,031,283100,17031283100,2831,Census Tract 2831,28,28,,757,41.86927357600,-87.66404576760
17,031,283200,17031283200,2832,Census Tract 2832,28,28,,758,41.86957256330,-87.65919904720
17,031,283800,17031283800,2838,Census Tract 2838,28,28,,759,41.86341410110,-87.65375468930
17,031,290900,17031290900,2909,Census Tract 2909,29,29,,760,41.86241032660,-87.73245668840
17,031,291600,17031291600,2916,Census Tract 2916,29,29,,761,41.85764150540,-87.69221585820
17,031,630200,17031630200,6302,Census Tract 6302,63,63,,762,41.80274538140,-87.69404528450
17,031,630800,17031630800,6308,Census Tract 6308,63,63,,763,41.78996520550,-87.69857244880
17,031,271300,17031271300,2713,Census Tract 2713,27,27,,764,41.87730397210,-87.70845278900
17,031,280900,17031280900,2809,Census Tract 2809,28,28,,765,41.87863090500,-87.68512815160
17,031,611700,17031611700,6117,Census Tract 6117,61,61,,766,41.79759911940,-87.67197619000
17,031,612100,17031612100,6121,Census Tract 6121,61,61,,767,41.79791271460,-87.64768072520
17,031,070300,17031070300,703,Census Tract 703,7,7,,768,41.92904625140,-87.65131024550
17,031,070600,17031070600,706,Census Tract 706,7,7,,769,41.92876272150,-87.66567661430
17,031,300500,17031300500,3005,Census Tract 3005,30,30,,770,41.84742509140,-87.72193929550
17,031,291200,17031291200,2912,Census Tract 2912,29,29,,771,41.86266113920,-87.71287458320
17,031,620300,17031620300,6203,Census Tract 6203,62,62,,772,41.78950252260,-87.73044377860
17,031,620400,17031620400,6204,Census Tract 6204,62,62,,773,41.78963817600,-87.71816815880
17,031,630100,17031630100,6301,Census Tract 6301,63,63,,774,41.79927134950,-87.68166877670
17,031,630300,17031630300,6303,Census Tract 6303,63,63,,775,41.79886196810,-87.70863783070
17,031,630400,17031630400,6304,Census Tract 6304,63,63,,776,41.79725449040,-87.69878109970
17,031,630500,17031630500,6305,Census Tract 6305,63,63,,777,41.79742740050,-87.68901651870
17,031,110300,17031110300,1103,Census Tract 1103,11,11,,778,41.97529067230,-87.78323485480
17,031,110400,17031110400,1104,Census Tract 1104,11,11,,779,41.97295316580,-87.77261080640
17,031,120100,17031120100,1201,Census Tract 1201,12,12,,780,42.00198172430,-87.77500653590
17,031,120200,17031120200,1202,Census Tract 1202,12,12,,781,41.99452891870,-87.75761483500
17,031,271400,17031271400,2714,Census Tract 2714,27,27,,782,41.87724286920,-87.71333136840
17,031,280100,17031280100,2801,Census Tract 2801,28,28,,783,41.88529621750,-87.64280424190
17,031,280800,17031280800,2808,Census Tract 2808,28,28,,784,41.87859676960,-87.68890087850
17,031,281900,17031281900,2819,Census Tract 2819,28,28,,785,41.87924794860,-87.64262362760
17,031,550100,17031550100,5501,Census Tract 5501,55,55,,786,41.66503083310,-87.53533025310
17,031,611500,17031611500,6115,Census Tract 6115,61,61,,787,41.80544828340,-87.67865521760
17,031,611800,17031611800,6118,Census Tract 6118,61,61,,788,41.79764772950,-87.66711377470
17,031,611900,17031611900,6119,Census Tract 6119,61,61,,789,41.79774305040,-87.65982263730
17,031,612000,17031612000,6120,Census Tract 6120,61,61,,790,41.79784664470,-87.65253588910
17,031,620100,17031620100,6201,Census Tract 6201,62,62,,791,41.79801754610,-87.71802566090
17,031,620200,17031620200,6202,Census Tract 6202,62,62,,792,41.79552145800,-87.72923382800
17,031,070200,17031070200,702,Census Tract 702,7,7,,793,41.92907775200,-87.64629298080
17,031,070400,17031070400,704,Census Tract 704,7,7,,794,41.92896719870,-87.65615626300
17,031,070500,17031070500,705,Census Tract 705,7,7,,795,41.92894546830,-87.66089221100
17,031,071000,17031071000,710,Census Tract 710,7,7,,796,41.92170111600,-87.65591140870
17,031,071200,17031071200,712,Census Tract 712,7,7,,797,41.92185471690,-87.64621064140
17,031,130300,17031130300,1303,Census Tract 1303,13,13,,798,41.98655894660,-87.71339145440
17,031,292200,17031292200,2922,Census Tract 2922,29,29,,799,41.85665178270,-87.71570679650
17,031,630900,17031630900,6309,Census Tract 6309,63,63,,800,41.78981143240,-87.70836549250
